t,total-tourist-arrivals-quarterly,total-tourist-arrivals-monthly,tourist-arrivals-monthly-monthly,tourist-earnings-monthly
1972-01-01 00:00:00,114855.0,5762.0,5762.0,40.5
1972-02-01 00:00:00,114855.0,5848.0,5848.0,40.5
1972-03-01 00:00:00,17174.0,5564.0,5564.0,26.6
1972-04-01 00:00:00,114855.0,3091.0,3091.0,40.5
1972-05-01 00:00:00,114855.0,3282.0,3282.0,40.5
1972-06-01 00:00:00,8675.0,2302.0,2302.0,26.6
1972-07-01 00:00:00,114855.0,3703.0,3703.0,40.5
1972-08-01 00:00:00,114855.0,4634.0,4634.0,40.5
1972-09-01 00:00:00,11739.0,3402.0,3402.0,26.6
1972-10-01 00:00:00,114855.0,4476.0,4476.0,40.5
1972-11-01 00:00:00,114855.0,6155.0,6155.0,40.5
1972-12-01 00:00:00,18459.0,7828.0,7828.0,26.6
1973-01-01 00:00:00,114855.0,9386.0,9386.0,40.5
1973-02-01 00:00:00,114855.0,8343.0,8343.0,40.5
1973-03-01 00:00:00,25604.0,7875.0,7875.0,26.6
1973-04-01 00:00:00,114855.0,5468.0,5468.0,40.5
1973-05-01 00:00:00,114855.0,4168.0,4168.0,40.5
1973-06-01 00:00:00,12882.0,3246.0,3246.0,26.6
1973-07-01 00:00:00,114855.0,5919.0,5919.0,40.5
1973-08-01 00:00:00,114855.0,6680.0,6680.0,40.5
1973-09-01 00:00:00,16783.0,4184.0,4184.0,26.6
1973-10-01 00:00:00,114855.0,5977.0,5977.0,40.5
1973-11-01 00:00:00,114855.0,7137.0,7137.0,40.5
1973-12-01 00:00:00,22619.0,9505.0,9505.0,26.6
1974-01-01 00:00:00,114855.0,10915.0,10915.0,40.5
1974-02-01 00:00:00,114855.0,9648.0,9648.0,40.5
1974-03-01 00:00:00,30410.0,9847.0,9847.0,26.6
1974-04-01 00:00:00,114855.0,6400.0,6400.0,40.5
1974-05-01 00:00:00,114855.0,3241.0,3241.0,40.5
1974-06-01 00:00:00,12944.0,3303.0,3303.0,26.6
1974-07-01 00:00:00,114855.0,5404.0,5404.0,40.5
1974-08-01 00:00:00,114855.0,6147.0,6147.0,40.5
1974-09-01 00:00:00,16537.0,4986.0,4986.0,26.6
1974-10-01 00:00:00,114855.0,6199.0,6199.0,40.5
1974-11-01 00:00:00,114855.0,8338.0,8338.0,40.5
1974-12-01 00:00:00,25120.0,10583.0,10583.0,26.6
1975-01-01 00:00:00,114855.0,11740.0,11740.0,40.5
1975-02-01 00:00:00,114855.0,10388.0,10388.0,40.5
1975-03-01 00:00:00,33286.0,11158.0,11158.0,26.6
1975-04-01 00:00:00,114855.0,5890.0,5890.0,40.5
1975-05-01 00:00:00,114855.0,5587.0,5587.0,40.5
1975-06-01 00:00:00,16264.0,4787.0,4787.0,26.6
1975-07-01 00:00:00,114855.0,5925.0,5925.0,40.5
1975-08-01 00:00:00,114855.0,8565.0,8565.0,40.5
1975-09-01 00:00:00,19777.0,5287.0,5287.0,26.6
1975-10-01 00:00:00,114855.0,7622.0,7622.0,40.5
1975-11-01 00:00:00,114855.0,11271.0,11271.0,40.5
1975-12-01 00:00:00,33877.0,14984.0,14984.0,26.6
1976-01-01 00:00:00,114855.0,15627.0,15627.0,40.5
1976-02-01 00:00:00,114855.0,15214.0,15214.0,40.5
1976-03-01 00:00:00,44272.0,13431.0,13431.0,26.6
1976-04-01 00:00:00,114855.0,8886.0,8886.0,40.5
1976-05-01 00:00:00,114855.0,6097.0,6097.0,40.5
1976-06-01 00:00:00,19533.0,4550.0,4550.0,26.6
1976-07-01 00:00:00,114855.0,4278.0,4278.0,40.5
1976-08-01 00:00:00,114855.0,3481.0,3481.0,40.5
1976-09-01 00:00:00,14466.0,6707.0,6707.0,26.6
1976-10-01 00:00:00,114855.0,10636.0,10636.0,40.5
1976-11-01 00:00:00,114855.0,13600.0,13600.0,40.5
1976-12-01 00:00:00,40700.0,16464.0,16464.0,26.6
1977-01-01 00:00:00,114855.0,17569.0,17569.0,40.5
1977-02-01 00:00:00,114855.0,18064.0,18064.0,40.5
1977-03-01 00:00:00,53849.0,18216.0,18216.0,26.6
1977-04-01 00:00:00,114855.0,9891.0,9891.0,40.5
1977-05-01 00:00:00,114855.0,7602.0,7602.0,40.5
1977-06-01 00:00:00,23029.0,5536.0,5536.0,26.6
1977-07-01 00:00:00,114855.0,9881.0,9881.0,40.5
1977-08-01 00:00:00,114855.0,11129.0,11129.0,40.5
1977-09-01 00:00:00,28604.0,7594.0,7594.0,26.6
1977-10-01 00:00:00,114855.0,11541.0,11541.0,40.5
1977-11-01 00:00:00,114855.0,17106.0,17106.0,40.5
1977-12-01 00:00:00,48183.0,19536.0,19536.0,26.6
1978-01-01 00:00:00,114855.0,23114.0,23114.0,40.5
1978-02-01 00:00:00,114855.0,22427.0,22427.0,40.5
1978-03-01 00:00:00,66038.0,20497.0,20497.0,26.6
1978-04-01 00:00:00,114855.0,11545.0,11545.0,40.5
1978-05-01 00:00:00,114855.0,8803.0,8803.0,40.5
1978-06-01 00:00:00,27482.0,7134.0,7134.0,26.6
1978-07-01 00:00:00,114855.0,13252.0,13252.0,40.5
1978-08-01 00:00:00,114855.0,15542.0,15542.0,40.5
1978-09-01 00:00:00,39039.0,10245.0,10245.0,26.6
1978-10-01 00:00:00,114855.0,14340.0,14340.0,40.5
1978-11-01 00:00:00,114855.0,20759.0,20759.0,40.5
1978-12-01 00:00:00,60033.0,24934.0,24934.0,26.6
1979-01-01 00:00:00,114855.0,28366.0,28366.0,40.5
1979-02-01 00:00:00,114855.0,25226.0,25226.0,40.5
1979-03-01 00:00:00,79064.0,25472.0,25472.0,26.6
1979-04-01 00:00:00,114855.0,18847.0,18847.0,40.5
1979-05-01 00:00:00,114855.0,13042.0,13042.0,40.5
1979-06-01 00:00:00,42563.0,10674.0,10674.0,26.6
1979-07-01 00:00:00,114855.0,16801.0,16801.0,40.5
1979-08-01 00:00:00,114855.0,20203.0,20203.0,40.5
1979-09-01 00:00:00,51802.0,14798.0,14798.0,26.6
1979-10-01 00:00:00,114855.0,19376.0,19376.0,40.5
1979-11-01 00:00:00,114855.0,25743.0,25743.0,40.5
1979-12-01 00:00:00,76735.0,31616.0,31616.0,26.6
1980-01-01 00:00:00,114855.0,36108.0,36108.0,40.5
1980-02-01 00:00:00,114855.0,33896.0,33896.0,40.5
1980-03-01 00:00:00,104420.0,34416.0,34416.0,26.6
1980-04-01 00:00:00,114855.0,21806.0,21806.0,40.5
1980-05-01 00:00:00,114855.0,19468.0,19468.0,40.5
1980-06-01 00:00:00,56356.0,15082.0,15082.0,26.6
1980-07-01 00:00:00,114855.0,22986.0,22986.0,40.5
1980-08-01 00:00:00,114855.0,27440.0,27440.0,40.5
1980-09-01 00:00:00,70388.0,19962.0,19962.0,26.6
1980-10-01 00:00:00,114855.0,23646.0,23646.0,40.5
1980-11-01 00:00:00,114855.0,23988.0,23988.0,40.5
1980-12-01 00:00:00,85616.0,37982.0,37982.0,26.6
1981-01-01 00:00:00,114855.0,45168.0,45168.0,40.5
1981-02-01 00:00:00,114855.0,39384.0,39384.0,40.5
1981-03-01 00:00:00,122928.0,38376.0,38376.0,26.6
1981-04-01 00:00:00,114855.0,28568.0,28568.0,40.5
1981-05-01 00:00:00,114855.0,21642.0,21642.0,40.5
1981-06-01 00:00:00,67046.0,16836.0,16836.0,26.6
1981-07-01 00:00:00,114855.0,28266.0,28266.0,40.5
1981-08-01 00:00:00,114855.0,32788.0,32788.0,40.5
1981-09-01 00:00:00,85140.0,24086.0,24086.0,26.6
1981-10-01 00:00:00,114855.0,27030.0,27030.0,40.5
1981-11-01 00:00:00,114855.0,29512.0,29512.0,40.5
1981-12-01 00:00:00,95628.0,39086.0,39086.0,26.6
1982-01-01 00:00:00,114855.0,40932.0,40932.0,40.5
1982-02-01 00:00:00,114855.0,40148.0,40148.0,40.5
1982-03-01 00:00:00,123258.0,42178.0,42178.0,26.6
1982-04-01 00:00:00,114855.0,29606.0,29606.0,40.5
1982-05-01 00:00:00,114855.0,28972.0,28972.0,40.5
1982-06-01 00:00:00,84350.0,25772.0,25772.0,26.6
1982-07-01 00:00:00,114855.0,30942.0,30942.0,40.5
1982-08-01 00:00:00,114855.0,34332.0,34332.0,40.5
1982-09-01 00:00:00,95028.0,29754.0,29754.0,26.6
1982-10-01 00:00:00,114855.0,30296.0,30296.0,40.5
1982-11-01 00:00:00,114855.0,33748.0,33748.0,40.5
1982-12-01 00:00:00,104594.0,40550.0,40550.0,26.6
1983-01-01 00:00:00,114855.0,49104.0,49104.0,40.5
1983-02-01 00:00:00,114855.0,44018.0,44018.0,40.5
1983-03-01 00:00:00,137832.0,44710.0,44710.0,26.6
1983-04-01 00:00:00,114855.0,32556.0,32556.0,40.5
1983-05-01 00:00:00,114855.0,32850.0,32850.0,40.5
1983-06-01 00:00:00,89756.0,24350.0,24350.0,26.6
1983-07-01 00:00:00,114855.0,25132.0,25132.0,40.5
1983-08-01 00:00:00,114855.0,8430.0,8430.0,40.5
1983-09-01 00:00:00,43612.0,10050.0,10050.0,26.6
1983-10-01 00:00:00,114855.0,16410.0,16410.0,40.5
1983-11-01 00:00:00,114855.0,20570.0,20570.0,40.5
1983-12-01 00:00:00,66330.0,29350.0,29350.0,26.6
1984-01-01 00:00:00,114855.0,33546.0,33546.0,40.5
1984-02-01 00:00:00,114855.0,32406.0,32406.0,40.5
1984-03-01 00:00:00,98580.0,32628.0,32628.0,26.6
1984-04-01 00:00:00,114855.0,23684.0,23684.0,40.5
1984-05-01 00:00:00,114855.0,18224.0,18224.0,40.5
1984-06-01 00:00:00,59774.0,17866.0,17866.0,26.6
1984-07-01 00:00:00,114855.0,26694.0,26694.0,40.5
1984-08-01 00:00:00,114855.0,27626.0,27626.0,40.5
1984-09-01 00:00:00,76084.0,21764.0,21764.0,26.6
1984-10-01 00:00:00,114855.0,25800.0,25800.0,40.5
1984-11-01 00:00:00,114855.0,27906.0,27906.0,40.5
1984-12-01 00:00:00,83296.0,29590.0,29590.0,26.6
1985-01-01 00:00:00,114855.0,28814.0,28814.0,40.5
1985-02-01 00:00:00,114855.0,27012.0,27012.0,40.5
1985-03-01 00:00:00,85712.0,29886.0,29886.0,26.6
1985-04-01 00:00:00,114855.0,19778.0,19778.0,40.5
1985-05-01 00:00:00,114855.0,14014.0,14014.0,40.5
1985-06-01 00:00:00,44884.0,11092.0,11092.0,26.6
1985-07-01 00:00:00,114855.0,18362.0,18362.0,40.5
1985-08-01 00:00:00,114855.0,20138.0,20138.0,40.5
1985-09-01 00:00:00,53742.0,15242.0,15242.0,26.6
1985-10-01 00:00:00,114855.0,18176.0,18176.0,40.5
1985-11-01 00:00:00,114855.0,23218.0,23218.0,40.5
1985-12-01 00:00:00,73118.0,31724.0,31724.0,26.6
1986-01-01 00:00:00,114855.0,32890.0,32890.0,40.5
1986-02-01 00:00:00,114855.0,30512.0,30512.0,40.5
1986-03-01 00:00:00,92334.0,28932.0,28932.0,26.6
1986-04-01 00:00:00,114855.0,19262.0,19262.0,40.5
1986-05-01 00:00:00,114855.0,13100.0,13100.0,40.5
1986-06-01 00:00:00,41898.0,9536.0,9536.0,26.6
1986-07-01 00:00:00,114855.0,12330.0,12330.0,40.5
1986-08-01 00:00:00,114855.0,15190.0,15190.0,40.5
1986-09-01 00:00:00,39918.0,12398.0,12398.0,26.6
1986-10-01 00:00:00,114855.0,12732.0,12732.0,40.5
1986-11-01 00:00:00,114855.0,18114.0,18114.0,40.5
1986-12-01 00:00:00,55956.0,25110.0,25110.0,26.6
1987-01-01 00:00:00,114855.0,25446.0,25446.0,40.5
1987-02-01 00:00:00,114855.0,23714.0,23714.0,40.5
1987-03-01 00:00:00,71998.0,22838.0,22838.0,26.6
1987-04-01 00:00:00,114855.0,16238.0,16238.0,40.5
1987-05-01 00:00:00,114855.0,8204.0,8204.0,40.5
1987-06-01 00:00:00,32092.0,7650.0,7650.0,26.6
1987-07-01 00:00:00,114855.0,10200.0,10200.0,40.5
1987-08-01 00:00:00,114855.0,11408.0,11408.0,40.5
1987-09-01 00:00:00,31680.0,10072.0,10072.0,26.6
1987-10-01 00:00:00,114855.0,12146.0,12146.0,40.5
1987-11-01 00:00:00,114855.0,14188.0,14188.0,40.5
1987-12-01 00:00:00,46850.0,20516.0,20516.0,26.6
1988-01-01 00:00:00,114855.0,20400.0,20400.0,40.5
1988-02-01 00:00:00,114855.0,19150.0,19150.0,40.5
1988-03-01 00:00:00,58980.0,19430.0,19430.0,26.6
1988-04-01 00:00:00,114855.0,13834.0,13834.0,40.5
1988-05-01 00:00:00,114855.0,11124.0,11124.0,40.5
1988-06-01 00:00:00,36498.0,11540.0,11540.0,26.6
1988-07-01 00:00:00,114855.0,17660.0,17660.0,40.5
1988-08-01 00:00:00,114855.0,18670.0,18670.0,40.5
1988-09-01 00:00:00,51310.0,14980.0,14980.0,26.6
1988-10-01 00:00:00,114855.0,16742.0,16742.0,40.5
1988-11-01 00:00:00,114855.0,10560.0,10560.0,40.5
1988-12-01 00:00:00,35874.0,8572.0,8572.0,26.6
1989-01-01 00:00:00,114855.0,12962.0,12962.0,40.5
1989-02-01 00:00:00,114855.0,12344.0,12344.0,40.5
1989-03-01 00:00:00,41338.0,16032.0,16032.0,26.6
1989-04-01 00:00:00,114855.0,12312.0,12312.0,40.5
1989-05-01 00:00:00,114855.0,12750.0,12750.0,40.5
1989-06-01 00:00:00,36692.0,11630.0,11630.0,26.6
1989-07-01 00:00:00,114855.0,15194.0,15194.0,40.5
1989-08-01 00:00:00,114855.0,17220.0,17220.0,40.5
1989-09-01 00:00:00,46678.0,14264.0,14264.0,26.6
1989-10-01 00:00:00,114855.0,15050.0,15050.0,40.5
1989-11-01 00:00:00,114855.0,18948.0,18948.0,40.5
1989-12-01 00:00:00,60024.0,26026.0,26026.0,26.6
1990-01-01 00:00:00,114855.0,26592.0,26592.0,40.5
1990-02-01 00:00:00,114855.0,26368.0,26368.0,40.5
1990-03-01 00:00:00,79906.0,26946.0,26946.0,26.6
1990-04-01 00:00:00,114855.0,22788.0,22788.0,40.5
1990-05-01 00:00:00,114855.0,18286.0,18286.0,40.5
1990-06-01 00:00:00,59124.0,18050.0,18050.0,26.6
1990-07-01 00:00:00,114855.0,26410.0,26410.0,40.5
1990-08-01 00:00:00,114855.0,26786.0,26786.0,40.5
1990-09-01 00:00:00,75634.0,22438.0,22438.0,26.6
1990-10-01 00:00:00,114855.0,23060.0,23060.0,40.5
1990-11-01 00:00:00,114855.0,24596.0,24596.0,40.5
1990-12-01 00:00:00,83224.0,35568.0,35568.0,26.6
1991-01-01 00:00:00,114855.0,28932.0,28932.0,40.5
1991-02-01 00:00:00,114855.0,28080.0,28080.0,40.5
1991-03-01 00:00:00,84165.0,27153.0,27153.0,26.6
1991-04-01 00:00:00,114855.0,20541.0,20541.0,40.5
1991-05-01 00:00:00,114855.0,17745.0,17745.0,40.5
1991-06-01 00:00:00,55680.0,17394.0,17394.0,26.6
1991-07-01 00:00:00,114855.0,30645.0,30645.0,40.5
1991-08-01 00:00:00,114855.0,28824.0,28824.0,40.5
1991-09-01 00:00:00,84231.0,24762.0,24762.0,26.6
1991-10-01 00:00:00,114855.0,25173.0,25173.0,40.5
1991-11-01 00:00:00,114855.0,28272.0,28272.0,40.5
1991-12-01 00:00:00,93627.0,40182.0,40182.0,26.6
1992-01-01 00:00:00,114855.0,35730.0,35730.0,40.5
1992-02-01 00:00:00,114855.0,38859.0,38859.0,40.5
1992-03-01 00:00:00,107988.0,33399.0,33399.0,26.6
1992-04-01 00:00:00,114855.0,28410.0,28410.0,40.5
1992-05-01 00:00:00,114855.0,21024.0,21024.0,40.5
1992-06-01 00:00:00,72591.0,23157.0,23157.0,26.6
1992-07-01 00:00:00,114855.0,33771.0,33771.0,40.5
1992-08-01 00:00:00,114855.0,40143.0,40143.0,40.5
1992-09-01 00:00:00,103752.0,29838.0,29838.0,26.6
1992-10-01 00:00:00,114855.0,32079.0,32079.0,40.5
1992-11-01 00:00:00,114855.0,35967.0,35967.0,40.5
1992-12-01 00:00:00,109338.0,41292.0,41292.0,26.6
1993-01-01 00:00:00,114855.0,42726.0,42726.0,40.5
1993-02-01 00:00:00,114855.0,40116.0,40116.0,40.5
1993-03-01 00:00:00,120795.0,37953.0,37953.0,26.6
1993-04-01 00:00:00,114855.0,29589.0,29589.0,40.5
1993-05-01 00:00:00,114855.0,22368.0,22368.0,40.5
1993-06-01 00:00:00,72369.0,20412.0,20412.0,26.6
1993-07-01 00:00:00,114855.0,32904.0,32904.0,40.5
1993-08-01 00:00:00,114855.0,32796.0,32796.0,40.5
1993-09-01 00:00:00,93195.0,27495.0,27495.0,26.6
1993-10-01 00:00:00,114855.0,30621.0,30621.0,40.5
1993-11-01 00:00:00,114855.0,35103.0,35103.0,40.5
1993-12-01 00:00:00,105891.0,40167.0,40167.0,26.6
1994-01-01 00:00:00,114855.0,45402.0,45402.0,40.5
1994-02-01 00:00:00,114855.0,41067.0,41067.0,40.5
1994-03-01 00:00:00,127746.0,41277.0,41277.0,26.6
1994-04-01 00:00:00,114855.0,28080.0,28080.0,40.5
1994-05-01 00:00:00,114855.0,21777.0,21777.0,40.5
1994-06-01 00:00:00,71256.0,21399.0,21399.0,26.6
1994-07-01 00:00:00,114855.0,35370.0,35370.0,40.5
1994-08-01 00:00:00,114855.0,32817.0,32817.0,40.5
1994-09-01 00:00:00,99249.0,31062.0,31062.0,26.6
1994-10-01 00:00:00,114855.0,33216.0,33216.0,40.5
1994-11-01 00:00:00,114855.0,33306.0,33306.0,40.5
1994-12-01 00:00:00,109260.0,42738.0,42738.0,26.6
1995-01-01 00:00:00,114855.0,45987.0,45987.0,40.5
1995-02-01 00:00:00,114855.0,42591.0,42591.0,40.5
1995-03-01 00:00:00,128652.0,40074.0,40074.0,26.6
1995-04-01 00:00:00,114855.0,33756.0,33756.0,40.5
1995-05-01 00:00:00,114855.0,24672.0,24672.0,40.5
1995-06-01 00:00:00,80844.0,22416.0,22416.0,26.6
1995-07-01 00:00:00,114855.0,35994.0,35994.0,40.5
1995-08-01 00:00:00,114855.0,35814.0,35814.0,40.5
1995-09-01 00:00:00,102636.0,30828.0,30828.0,26.6
1995-10-01 00:00:00,114855.0,30603.0,30603.0,40.5
1995-11-01 00:00:00,114855.0,28365.0,28365.0,40.5
1995-12-01 00:00:00,90969.0,32001.0,32001.0,26.6
1996-01-01 00:00:00,114855.0,30957.0,30957.0,40.5
1996-02-01 00:00:00,114855.0,29550.0,29550.0,40.5
1996-03-01 00:00:00,86949.0,26442.0,26442.0,26.6
1996-04-01 00:00:00,114855.0,20376.0,20376.0,40.5
1996-05-01 00:00:00,114855.0,17655.0,17655.0,40.5
1996-06-01 00:00:00,57699.0,19668.0,19668.0,26.6
1996-07-01 00:00:00,114855.0,25380.0,25380.0,40.5
1996-08-01 00:00:00,114855.0,24765.0,24765.0,40.5
1996-09-01 00:00:00,73356.0,23211.0,23211.0,26.6
1996-10-01 00:00:00,114855.0,23511.0,23511.0,40.5
1996-11-01 00:00:00,114855.0,24921.0,24921.0,40.5
1996-12-01 00:00:00,84261.0,35829.0,35829.0,26.6
1997-01-01 00:00:00,114855.0,32652.0,32652.0,40.5
1997-02-01 00:00:00,114855.0,35010.0,35010.0,40.5
1997-03-01 00:00:00,101760.0,34098.0,34098.0,26.6
1997-04-01 00:00:00,114855.0,26907.0,26907.0,40.5
1997-05-01 00:00:00,114855.0,22407.0,22407.0,40.5
1997-06-01 00:00:00,72474.0,23160.0,23160.0,26.6
1997-07-01 00:00:00,114855.0,30867.0,30867.0,40.5
1997-08-01 00:00:00,114855.0,32034.0,32034.0,40.5
1997-09-01 00:00:00,92694.0,29793.0,29793.0,26.6
1997-10-01 00:00:00,114855.0,28314.0,28314.0,40.5
1997-11-01 00:00:00,114855.0,31995.0,31995.0,40.5
1997-12-01 00:00:00,99237.0,38928.0,38928.0,26.6
1998-01-01 00:00:00,114855.0,37224.0,37224.0,40.5
1998-02-01 00:00:00,114855.0,35283.0,35283.0,40.5
1998-03-01 00:00:00,104763.0,32256.0,32256.0,26.6
1998-04-01 00:00:00,114855.0,25578.0,25578.0,40.5
1998-05-01 00:00:00,114855.0,20394.0,20394.0,40.5
1998-06-01 00:00:00,68382.0,22410.0,22410.0,26.6
1998-07-01 00:00:00,114855.0,29529.0,29529.0,40.5
1998-08-01 00:00:00,114855.0,31446.0,31446.0,40.5
1998-09-01 00:00:00,92628.0,31653.0,31653.0,26.6
1998-10-01 00:00:00,114855.0,31767.0,31767.0,40.5
1998-11-01 00:00:00,114855.0,38421.0,38421.0,40.5
1998-12-01 00:00:00,115290.0,45102.0,45102.0,26.6
1999-01-01 00:00:00,114855.0,44379.0,44379.0,40.5
1999-02-01 00:00:00,114855.0,41526.0,41526.0,40.5
1999-03-01 00:00:00,126927.0,41022.0,41022.0,26.6
1999-04-01 00:00:00,114855.0,34443.0,34443.0,40.5
1999-05-01 00:00:00,114855.0,25212.0,25212.0,40.5
1999-06-01 00:00:00,85839.0,26184.0,26184.0,26.6
1999-07-01 00:00:00,114855.0,33288.0,33288.0,40.5
1999-08-01 00:00:00,114855.0,39081.0,39081.0,40.5
1999-09-01 00:00:00,106284.0,33915.0,33915.0,26.6
1999-10-01 00:00:00,114855.0,35112.0,35112.0,40.5
1999-11-01 00:00:00,114855.0,41952.0,41952.0,40.5
1999-12-01 00:00:00,117390.0,40326.0,40326.0,26.6
2000-01-01 00:00:00,114855.0,43311.0,43311.0,40.5
2000-02-01 00:00:00,114855.0,43287.0,43287.0,40.5
2000-03-01 00:00:00,126708.0,40110.0,40110.0,26.6
2000-04-01 00:00:00,114855.0,33642.0,33642.0,40.5
2000-05-01 00:00:00,114855.0,23404.0,23404.0,40.5
2000-06-01 00:00:00,78871.0,21825.0,21825.0,26.6
2000-07-01 00:00:00,114855.0,33267.0,33267.0,40.5
2000-08-01 00:00:00,114855.0,34422.0,34422.0,40.5
2000-09-01 00:00:00,98724.0,31035.0,31035.0,26.6
2000-10-01 00:00:00,114855.0,26658.0,26658.0,40.5
2000-11-01 00:00:00,114855.0,32469.0,32469.0,40.5
2000-12-01 00:00:00,96111.0,36984.0,36984.0,26.6
2001-01-01 00:00:00,114855.0,44187.0,44187.0,40.5
2001-02-01 00:00:00,114855.0,46575.0,46575.0,40.5
2001-03-01 00:00:00,135052.0,44290.0,44290.0,26.6
2001-04-01 00:00:00,114855.0,36906.0,36906.0,40.5
2001-05-01 00:00:00,114855.0,26924.0,26924.0,40.5
2001-06-01 00:00:00,92153.0,28323.0,28323.0,26.6
2001-07-01 00:00:00,114855.0,28566.0,28566.0,40.5
2001-08-01 00:00:00,114855.0,15717.0,15717.0,40.5
2001-09-01 00:00:00,56041.0,11758.0,11758.0,26.6
2001-10-01 00:00:00,114855.0,12904.0,12904.0,40.5
2001-11-01 00:00:00,114855.0,17344.0,17344.0,40.5
2001-12-01 00:00:00,53548.0,23300.0,23300.0,26.6
2002-01-01 00:00:00,114855.0,28296.0,28296.0,40.5
2002-02-01 00:00:00,114855.0,31683.0,31683.0,40.5
2002-03-01 00:00:00,93063.0,33084.0,33084.0,26.6
2002-04-01 00:00:00,114855.0,27057.0,27057.0,40.5
2002-05-01 00:00:00,114855.0,26661.0,26661.0,40.5
2002-06-01 00:00:00,80073.0,26355.0,26355.0,26.6
2002-07-01 00:00:00,114855.0,35742.0,35742.0,40.5
2002-08-01 00:00:00,114855.0,35475.0,35475.0,40.5
2002-09-01 00:00:00,104199.0,32982.0,32982.0,26.6
2002-10-01 00:00:00,114855.0,36258.0,36258.0,40.5
2002-11-01 00:00:00,114855.0,37395.0,37395.0,40.5
2002-12-01 00:00:00,115836.0,42183.0,42183.0,26.6
2003-01-01 00:00:00,114855.0,40647.0,40647.0,40.5
2003-02-01 00:00:00,114855.0,39081.0,39081.0,40.5
2003-03-01 00:00:00,120546.0,40818.0,40818.0,26.6
2003-04-01 00:00:00,114855.0,33714.0,33714.0,40.5
2003-05-01 00:00:00,114855.0,30048.0,30048.0,40.5
2003-06-01 00:00:00,95598.0,31836.0,31836.0,26.6
2003-07-01 00:00:00,114855.0,43743.0,43743.0,40.5
2003-08-01 00:00:00,114855.0,42111.0,42111.0,40.5
2003-09-01 00:00:00,121908.0,36054.0,36054.0,26.6
2003-10-01 00:00:00,114855.0,49922.0,49922.0,40.5
2003-11-01 00:00:00,114855.0,54946.0,54946.0,40.5
2003-12-01 00:00:00,162590.0,57722.0,57722.0,26.6
2004-01-01 00:00:00,114855.0,49950.0,49950.0,40.5
2004-02-01 00:00:00,114855.0,43584.0,43584.0,40.5
2004-03-01 00:00:00,131952.0,38418.0,38418.0,26.6
2004-04-01 00:00:00,114855.0,30672.0,30672.0,40.5
2004-05-01 00:00:00,114855.0,30162.0,30162.0,40.5
2004-06-01 00:00:00,92953.0,32119.0,32119.0,26.6
2004-07-01 00:00:00,114855.0,50525.0,50525.0,40.5
2004-08-01 00:00:00,114855.0,48675.0,48675.0,40.5
2004-09-01 00:00:00,150725.0,51525.0,51525.0,26.6
2004-10-01 00:00:00,114855.0,59442.0,59442.0,40.5
2004-11-01 00:00:00,114855.0,64971.0,64971.0,40.5
2004-12-01 00:00:00,190572.0,66159.0,66159.0,26.6
2005-01-01 00:00:00,114855.0,38187.0,38187.0,40.5
2005-02-01 00:00:00,114855.0,36645.0,36645.0,40.5
2005-03-01 00:00:00,125250.0,50418.0,50418.0,26.6
2005-04-01 00:00:00,114855.0,42261.0,42261.0,40.5
2005-05-01 00:00:00,114855.0,40878.0,40878.0,40.5
2005-06-01 00:00:00,128838.0,45699.0,45699.0,26.6
2005-07-01 00:00:00,114855.0,56745.0,56745.0,40.5
2005-08-01 00:00:00,114855.0,51216.0,51216.0,40.5
2005-09-01 00:00:00,151497.0,43536.0,43536.0,26.6
2005-10-01 00:00:00,114855.0,44095.0,44095.0,40.5
2005-11-01 00:00:00,114855.0,48457.0,48457.0,40.5
2005-12-01 00:00:00,143723.0,51171.0,51171.0,26.6
2006-01-01 00:00:00,114855.0,52103.0,52103.0,40.5
2006-02-01 00:00:00,114855.0,52687.0,52687.0,40.5
2006-03-01 00:00:00,159536.0,54746.0,54746.0,26.6
2006-04-01 00:00:00,114855.0,49776.0,49776.0,40.5
2006-05-01 00:00:00,114855.0,43825.0,43825.0,40.5
2006-06-01 00:00:00,137667.0,44066.0,44066.0,26.6
2006-07-01 00:00:00,114855.0,55354.0,55354.0,40.5
2006-08-01 00:00:00,114855.0,52931.0,52931.0,40.5
2006-09-01 00:00:00,146770.0,38485.0,38485.0,26.6
2006-10-01 00:00:00,114855.0,38815.0,38815.0,40.5
2006-11-01 00:00:00,114855.0,37591.0,37591.0,40.5
2006-12-01 00:00:00,115630.0,39224.0,39224.0,26.6
2007-01-01 00:00:00,114855.0,56553.0,56553.0,40.5
2007-02-01 00:00:00,114855.0,43051.0,43051.0,40.5
2007-03-01 00:00:00,134635.0,35031.0,35031.0,26.6
2007-04-01 00:00:00,114855.0,33039.0,33039.0,40.5
2007-05-01 00:00:00,114855.0,26307.0,26307.0,40.5
2007-06-01 00:00:00,90156.0,30810.0,30810.0,26.6
2007-07-01 00:00:00,114855.0,44142.0,44142.0,40.5
2007-08-01 00:00:00,114855.0,44742.0,44742.0,40.5
2007-09-01 00:00:00,125988.0,37104.0,37104.0,26.6
2007-10-01 00:00:00,114855.0,37011.0,37011.0,40.5
2007-11-01 00:00:00,114855.0,45102.0,45102.0,40.5
2007-12-01 00:00:00,143229.0,61116.0,61116.0,26.6
2008-01-01 00:00:00,114855.0,56916.0,56916.0,40.5
2008-02-01 00:00:00,114855.0,40551.0,40551.0,40.5
2008-03-01 00:00:00,135516.0,38049.0,38049.0,26.6
2008-04-01 00:00:00,114855.0,29747.0,29747.0,40.5
2008-05-01 00:00:00,114855.0,31140.0,31140.0,40.5
2008-06-01 00:00:00,88847.0,27960.0,27960.0,26.6
2008-07-01 00:00:00,114855.0,32982.0,32982.0,40.5
2008-08-01 00:00:00,114855.0,30672.0,30672.0,40.5
2008-09-01 00:00:00,93183.0,29529.0,29529.0,26.6
2008-10-01 00:00:00,114855.0,35103.0,35103.0,40.5
2008-11-01 00:00:00,114855.0,36901.0,36901.0,40.5
2008-12-01 00:00:00,120929.0,48925.0,48925.0,26.6
2009-01-01 00:00:00,114855.0,38468.0,38468.0,30.0
2009-02-01 00:00:00,114855.0,34169.0,34169.0,26.7
2009-03-01 00:00:00,106702.0,34065.0,34065.0,26.6
2009-04-01 00:00:00,114855.0,26054.0,26054.0,20.3
2009-05-01 00:00:00,114855.0,24739.0,24739.0,19.3
2009-06-01 00:00:00,81027.0,30234.0,30234.0,23.6
2009-07-01 00:00:00,114855.0,42223.0,42223.0,33.0
2009-08-01 00:00:00,114855.0,41207.0,41207.0,32.2
2009-09-01 00:00:00,121413.0,37983.0,37983.0,29.6
2009-10-01 00:00:00,114855.0,37575.0,37575.0,29.3
2009-11-01 00:00:00,114855.0,44311.0,44311.0,34.6
2009-12-01 00:00:00,138748.0,56862.0,56862.0,44.4
2010-01-01 00:00:00,114855.0,50757.0,50757.0,44.7
2010-02-01 00:00:00,114855.0,57300.0,57300.0,50.4
2010-03-01 00:00:00,160409.0,52352.0,52352.0,46.1
2010-04-01 00:00:00,114855.0,38300.0,38300.0,33.7
2010-05-01 00:00:00,114855.0,35213.0,35213.0,31.0
2010-06-01 00:00:00,118243.0,44730.0,44730.0,39.4
2010-07-01 00:00:00,114855.0,63339.0,63339.0,55.7
2010-08-01 00:00:00,114855.0,55898.0,55898.0,49.2
2010-09-01 00:00:00,166576.0,47339.0,47339.0,41.7
2010-10-01 00:00:00,114855.0,52370.0,52370.0,46.1
2010-11-01 00:00:00,114855.0,72251.0,72251.0,63.6
2010-12-01 00:00:00,209248.0,84627.0,84627.0,74.5
2011-01-01 00:00:00,114855.0,74197.0,74197.0,72.0
2011-02-01 00:00:00,114855.0,65797.0,65797.0,63.8
2011-03-01 00:00:00,215124.0,75130.0,75130.0,72.9
2011-04-01 00:00:00,114855.0,63835.0,63835.0,61.9
2011-05-01 00:00:00,114855.0,48943.0,48943.0,47.5
2011-06-01 00:00:00,166414.0,53636.0,53636.0,52.0
2011-07-01 00:00:00,114855.0,83786.0,83786.0,81.3
2011-08-01 00:00:00,114855.0,72463.0,72463.0,70.3
2011-09-01 00:00:00,216468.0,60219.0,60219.0,58.4
2011-10-01 00:00:00,114855.0,69563.0,69563.0,67.5
2011-11-01 00:00:00,114855.0,90889.0,90889.0,88.2
2011-12-01 00:00:00,257969.0,97517.0,97517.0,94.6
2012-01-01 00:00:00,114855.0,85874.0,85874.0,88.9
2012-02-01 00:00:00,114855.0,83549.0,83549.0,84.9
2012-03-01 00:00:00,260525.0,91102.0,91102.0,92.9
2012-04-01 00:00:00,114855.0,69591.0,69591.0,73.1
2012-05-01 00:00:00,114855.0,57506.0,57506.0,57.3
2012-06-01 00:00:00,192342.0,65245.0,65245.0,62.8
2012-07-01 00:00:00,114855.0,90338.0,90338.0,100.5
2012-08-01 00:00:00,114855.0,79456.0,79456.0,81.8
2012-09-01 00:00:00,240905.0,71111.0,71111.0,68.8
2012-10-01 00:00:00,114855.0,80379.0,80379.0,79.5
2012-11-01 00:00:00,114855.0,109202.0,109202.0,114.7
2012-12-01 00:00:00,311833.0,122252.0,122252.0,133.5
2013-01-01 00:00:00,114855.0,110543.0,110543.0,148.8
2013-02-01 00:00:00,114855.0,113968.0,113968.0,153.4
2013-03-01 00:00:00,337719.0,113208.0,113208.0,152.4
2013-04-01 00:00:00,114855.0,80737.0,80737.0,108.7
2013-05-01 00:00:00,114855.0,74838.0,74838.0,100.7
2013-06-01 00:00:00,245854.0,90279.0,90279.0,121.5
2013-07-01 00:00:00,114855.0,107016.0,107016.0,144.0
2013-08-01 00:00:00,114855.0,123269.0,123269.0,165.9
2013-09-01 00:00:00,320624.0,90339.0,90339.0,121.6
2013-10-01 00:00:00,114855.0,107058.0,107058.0,144.1
2013-11-01 00:00:00,114855.0,109420.0,109420.0,147.3
2013-12-01 00:00:00,370396.0,153918.0,153918.0,207.2
2014-01-01 00:00:00,114855.0,146575.0,146575.0,233.3
2014-02-01 00:00:00,114855.0,141878.0,141878.0,225.9
2014-03-01 00:00:00,421501.0,133048.0,133048.0,211.8
2014-04-01 00:00:00,114855.0,112631.0,112631.0,179.3
2014-05-01 00:00:00,114855.0,90046.0,90046.0,143.3
2014-06-01 00:00:00,305852.0,103175.0,103175.0,164.2
2014-07-01 00:00:00,114855.0,133971.0,133971.0,213.3
2014-08-01 00:00:00,114855.0,140319.0,140319.0,223.4
2014-09-01 00:00:00,379825.0,105535.0,105535.0,168.0
2014-10-01 00:00:00,114855.0,121576.0,121576.0,193.5
2014-11-01 00:00:00,114855.0,119727.0,119727.0,190.6
2014-12-01 00:00:00,419975.0,178672.0,178672.0,284.4
2015-01-01 00:00:00,114855.0,156246.0,156246.0,248.7
2015-02-01 00:00:00,114855.0,165541.0,165541.0,263.5
2015-03-01 00:00:00,478838.0,157051.0,157051.0,250.0
2015-04-01 00:00:00,114855.0,122217.0,122217.0,194.6
2015-05-01 00:00:00,114855.0,113529.0,113529.0,180.7
2015-06-01 00:00:00,351213.0,115467.0,115467.0,183.8
2015-07-01 00:00:00,114855.0,175804.0,175804.0,279.9
2015-08-01 00:00:00,114855.0,166610.0,166610.0,265.2
2015-09-01 00:00:00,485788.0,143374.0,143374.0,228.2
2015-10-01 00:00:00,114855.0,132280.0,132280.0,210.6
2015-11-01 00:00:00,114855.0,144147.0,144147.0,229.5
2015-12-01 00:00:00,482541.0,206114.0,206114.0,341.6
2016-01-01 00:00:00,114855.0,194280.0,194280.0,333.3
2016-02-01 00:00:00,114855.0,197697.0,197697.0,339.2
2016-03-01 00:00:00,584818.0,192841.0,192841.0,330.8
2016-04-01 00:00:00,114855.0,136367.0,136367.0,234.0
2016-05-01 00:00:00,114855.0,125044.0,125044.0,214.5
2016-06-01 00:00:00,379449.0,118038.0,118038.0,202.5
2016-07-01 00:00:00,114855.0,209351.0,209351.0,359.2
2016-08-01 00:00:00,114855.0,186288.0,186288.0,319.6
2016-09-01 00:00:00,544138.0,148499.0,148499.0,254.8
2016-10-01 00:00:00,114855.0,150419.0,150419.0,258.1
2016-11-01 00:00:00,114855.0,167217.0,167217.0,286.9
2016-12-01 00:00:00,542427.0,224791.0,224791.0,385.7
2017-01-01 00:00:00,114855.0,219360.0,219360.0,406.81
2017-02-01 00:00:00,114855.0,197517.0,197517.0,366.3
2017-03-01 00:00:00,604953.0,188076.0,188076.0,348.79
2017-04-01 00:00:00,114855.0,160249.0,160249.0,297.19
2017-05-01 00:00:00,114855.0,121891.0,121891.0,226.05
2017-06-01 00:00:00,405491.0,123351.0,123351.0,228.76
2017-07-01 00:00:00,114855.0,205482.0,205482.0,381.07
2017-08-01 00:00:00,114855.0,190928.0,190928.0,354.08
2017-09-01 00:00:00,541487.0,145077.0,145077.0,269.05
2017-10-01 00:00:00,114855.0,152429.0,152429.0,282.68
2017-11-01 00:00:00,114855.0,167511.0,167511.0,310.65
2017-12-01 00:00:00,564476.0,244536.0,244536.0,453.5
2018-01-01 00:00:00,114855.0,238924.0,238924.0,443.09
2018-02-01 00:00:00,114855.0,235618.0,235618.0,436.96
2018-03-01 00:00:00,707924.0,233382.0,233382.0,438.07
2018-04-01 00:00:00,114855.0,180429.0,180429.0,338.67
2018-05-01 00:00:00,114855.0,129466.0,129466.0,243.01
2018-06-01 00:00:00,456723.0,146828.0,146828.0,275.6
2018-07-01 00:00:00,114855.0,217829.0,217829.0,408.87
2018-08-01 00:00:00,114855.0,200359.0,200359.0,376.08
2018-09-01 00:00:00,567275.0,149087.0,149087.0,279.84
2018-10-01 00:00:00,114855.0,153123.0,153123.0,287.42
2018-11-01 00:00:00,114855.0,195582.0,195582.0,367.12
2018-12-01 00:00:00,601874.0,253169.0,253169.0,475.21
2019-01-01 00:00:00,114855.0,244239.0,244239.0,460.34
2019-02-01 00:00:00,114855.0,252033.0,252033.0,475.03
2019-03-01 00:00:00,740600.0,244328.0,244328.0,460.51
2019-04-01 00:00:00,114855.0,166975.0,166975.0,314.71
2019-05-01 00:00:00,114855.0,37802.0,37802.0,71.25
2019-06-01 00:00:00,267849.0,63072.0,63072.0,118.88
2019-07-01 00:00:00,114855.0,115701.0,115701.0,218.07
2019-08-01 00:00:00,114855.0,143587.0,143587.0,270.63
2019-09-01 00:00:00,367863.0,108575.0,108575.0,204.64
2019-10-01 00:00:00,114855.0,118743.0,118743.0,223.81
2019-11-01 00:00:00,114855.0,176984.0,176984.0,333.58
2019-12-01 00:00:00,537390.0,241663.0,241663.0,455.48
2020-01-01 00:00:00,114855.0,228434.0,228434.0,307.04
2020-02-01 00:00:00,114855.0,207507.0,207507.0,278.91
2020-03-01 00:00:00,507311.0,71370.0,71370.0,95.93
2020-04-01 00:00:00,114855.0,0.0,0.0,0.0
2020-05-01 00:00:00,114855.0,0.0,0.0,0.0
2020-06-01 00:00:00,0.0,0.0,0.0,0.0
2020-07-01 00:00:00,114855.0,0.0,0.0,0.0
2020-08-01 00:00:00,114855.0,0.0,0.0,0.0
2020-09-01 00:00:00,0.0,0.0,0.0,0.0
2020-10-01 00:00:00,114855.0,0.0,0.0,0.0
2020-11-01 00:00:00,114855.0,0.0,0.0,0.0
2020-12-01 00:00:00,393.0,393.0,393.0,0.53
2021-01-01 00:00:00,114855.0,1682.0,1682.0,5.48
2021-02-01 00:00:00,114855.0,3366.0,3366.0,10.97
2021-03-01 00:00:00,9629.0,4581.0,4581.0,14.93
2021-04-01 00:00:00,114855.0,4168.0,4168.0,13.58
2021-05-01 00:00:00,114855.0,1497.0,1497.0,4.88
2021-06-01 00:00:00,7279.0,1614.0,1614.0,5.26
2021-07-01 00:00:00,114855.0,2429.0,2429.0,7.92
2021-08-01 00:00:00,114855.0,5040.0,5040.0,16.42
2021-09-01 00:00:00,21016.0,13547.0,13547.0,44.14
2021-10-01 00:00:00,114855.0,22771.0,22771.0,74.2
2021-11-01 00:00:00,114855.0,44294.0,44294.0,144.34
2021-12-01 00:00:00,156571.0,89506.0,89506.0,291.66
2022-01-01 00:00:00,114855.0,82327.0,82327.0,151.7
2022-02-01 00:00:00,114855.0,96507.0,96507.0,169.4
2022-03-01 00:00:00,285334.0,106500.0,106500.0,161.2
2022-04-01 00:00:00,114855.0,62980.0,62980.0,108.7
2022-05-01 00:00:00,114855.0,30207.0,30207.0,43.5
2022-06-01 00:00:00,126043.0,32856.0,32856.0,45.0
2022-07-01 00:00:00,114855.0,47293.0,47293.0,85.0
2022-08-01 00:00:00,114855.0,37760.0,37760.0,67.9
2022-09-01 00:00:00,114855.0,29802.0,29802.0,40.5
2022-10-01 00:00:00,114855.0,42026.0,42026.0,54.9
2022-11-01 00:00:00,114855.0,59759.0,59759.0,81.0
2022-12-01 00:00:00,114855.0,91961.0,91961.0,127.4
2023-01-01 00:00:00,114855.0,102545.0,102545.0,161.8
2023-02-01 00:00:00,114855.0,107639.0,107639.0,169.9
2023-03-01 00:00:00,114855.0,125495.0,125495.0,198.1
2023-04-01 00:00:00,114855.0,105498.0,105498.0,166.5
2023-05-01 00:00:00,114855.0,83309.0,83309.0,131.5
2023-06-01 00:00:00,114855.0,100388.0,100388.0,122.9
2023-07-01 00:00:00,114855.0,143039.0,143039.0,219.0
2023-08-01 00:00:00,114855.0,136405.0,136405.0,210.5
2023-09-01 00:00:00,114855.0,111938.0,111938.0,152.2
2023-10-01 00:00:00,114855.0,109199.0,109199.0,136.7
2023-11-01 00:00:00,114855.0,151496.0,151496.0,205.3
2023-12-01 00:00:00,114855.0,151496.0,210352.0,205.3
2023-12-31 05:30:00,145705.01583638595,164752.72326245293,209368.04498480045,-792.989168728353
2024-01-30 05:30:00,93923.55381640396,118969.51231236025,165210.790924607,-44935.87926693297
2024-02-29 05:30:00,135357.87667817547,178199.9320852521,242279.42666407124,32155.487911380227
2024-03-30 05:30:00,151571.24376775272,193702.21468337646,259982.175153351,49856.907669296845
2024-04-29 05:30:00,21110.278796016588,48669.47068997384,101213.92980482402,-108958.37307373431
2024-05-29 05:30:00,115307.4028472851,161249.64703536016,232987.91052440007,22827.8652789517
2024-06-28 05:30:00,199078.50866895233,257766.21959378442,339953.073848483,129863.6209929648
2024-07-28 05:30:00,100290.38701346137,128558.51070879787,180468.26610207264,-29678.414455090955
2024-08-27 05:30:00,81129.26305080553,91061.52012502076,124741.46437765413,-85472.80735595839
2024-09-26 05:30:00,112642.9219153453,145680.187666701,201383.88766393808,-8765.920881003614
2024-10-26 05:30:00,117338.00969422776,177023.81304020772,259901.41973420678,49798.986215865756
2024-11-25 05:30:00,146120.75199932256,202803.53596766322,283670.2501876744,73535.51038771596
